Soumali Gorai <gorai.soumali@gmail.com>
Debdeep Banerjee <deb.baner.1@gmail.com>
Jayanta Pandit <jay.dnb@outlook.in>
Shreya Maity <shreya.maity02@gmail.com>
Lalit Chauhan <chauhangautam277@gmail.com>
Sanskar Pandey <sanskarpandey0@gmail.com>
Suman Mondal <suman.mondal@outlook.in>
Subhangi Priya <subhangipriya681@gmail.com>
Sahilpreet Kaur <kaursahilpreet.bal@gmail.com>
Siddhant Pratap Singh <siddhant.singh1312012@gmail.com>
Riya Kumari <riyaku217@gmail.com>
Niraj Modi <modiniraj1034@gmail.com>
Roshan Dash <roshan1337d@gmail.com>
Jaskirat Singh <0001jaskirat@gmail.com>
Debjit Purohit <debjit.shilpi@gmail.com>
Joshua Nweze <joshuanweze270@gmail.com>
Aman Kumar Singh Kushwaha <amansinghkushwaha2003@gmail.com>
Sami Khan <Sami.khan.3118@gmail.com>
Carlo Capio <carlo.d.capio@gmail.com>
Arin Sharma <arinsharma12@gmail.com>
Raj Saha <rajsaha20026@gmail.com>
J S Vignesh Kanna <vkrishitaran@gmail.com>
Najeeb Thangal KP <najeebthangalkp@gmail.com>
Ankita Malik <ankiitamalik22@gmail.com>
Aaheli Sadhukhan <sadhukhanaheli@gmail.com>
IncredibleZuess <incrediblezeuss@gmail.com>
Edwin Ajong <edwinajong@gmail.com>
Vivek gorasiya <vivekgorasiya1@gmail.com>
Divyanshu Srivastava <21bcs080@iiitdmj.ac.in>
Vishal patil <rvish999@gmail.com>
Navaneeth Manoj <navaneethpm@gmail.com>
Keegan Colaco <keegancolaco20@gmail.com>
Joyjeet Mukherjee <joyxbhp6@gmail.com>
Sanket Banerjee <sanketbanerjee.2004@gmail.com>
Saurav Raj <21bcs188@iiitdmj.ac.in>
Daniele Avolio <daniele.avolio14@gmail.com>
Kenee Patel <patelkenee2804@gmail.com>
Daniele Avolio <daniele.avolio14@gmail.com>
Adhetya Narayan J.M <adhetya.narayan@gmail.com>
Ranjana Reghunath <ranjana.reghunath@gmail.com>
Rudraksh Karpe <rudraksh.karpe@gmail.com>
Prakhar Pandey <prakhar10may@gmail.com>